,datetime,time
52854,2016-07-20,318
52853,2016-07-21,290
52852,2016-07-22,282
52851,2016-07-23,296
52850,2016-07-24,284
52849,2016-07-25,310
52848,2016-07-26,333
52847,2016-07-27,290
52846,2016-07-28,315
52845,2016-07-29,322
52844,2016-07-30,0
52843,2016-07-31,295
52842,2016-08-01,296
52841,2016-08-02,0
52840,2016-08-03,299
52839,2016-08-04,0
52838,2016-08-05,284
52837,2016-08-06,289
52836,2016-08-07,259
52835,2016-08-08,306
52834,2016-08-09,0
52833,2016-08-10,310
52832,2016-08-11,305
52831,2016-08-12,302
52830,2016-08-13,333
52829,2016-08-14,0
52828,2016-08-15,292
52827,2016-08-16,284
52826,2016-08-17,285
52825,2016-08-18,277
52824,2016-08-19,0
52110,2016-08-20,314
52109,2016-08-21,275
52108,2016-08-22,283
52107,2016-08-23,293
52106,2016-08-24,316
52105,2016-08-25,0
52104,2016-08-26,275
52103,2016-08-27,311
52102,2016-08-28,281
52101,2016-08-29,298
52100,2016-08-30,303
52099,2016-08-31,289
52098,2016-09-01,296
52097,2016-09-02,280
52096,2016-09-03,328
52095,2016-09-04,296
52094,2016-09-05,0
52093,2016-09-06,277
52092,2016-09-07,331
52091,2016-09-08,406
52090,2016-09-09,271
52089,2016-09-10,286
52088,2016-09-11,242
52087,2016-09-12,278
52086,2016-09-13,320
52085,2016-09-14,416
52084,2016-09-15,356
52083,2016-09-16,0
52082,2016-09-17,312
52081,2016-09-18,280
52080,2016-09-19,0
51366,2016-09-20,274
51365,2016-09-21,286
51364,2016-09-22,0
51363,2016-09-23,286
51362,2016-09-24,281
51361,2016-09-25,294
51360,2016-09-26,274
51359,2016-09-27,279
51358,2016-09-28,273
51357,2016-09-29,291
51356,2016-09-30,368
51355,2016-10-01,0
51354,2016-10-02,272
51353,2016-10-03,298
51352,2016-10-04,320
51351,2016-10-05,0
51350,2016-10-06,294
51349,2016-10-07,0
51348,2016-10-08,301
51347,2016-10-09,269
51346,2016-10-10,295
51345,2016-10-11,0
51344,2016-10-12,325
51343,2016-10-13,0
51342,2016-10-14,285
51341,2016-10-15,324
51340,2016-10-16,302
51339,2016-10-17,286
51338,2016-10-18,296
51337,2016-10-19,299
51336,2016-10-20,274
50622,2016-10-21,0
50621,2016-10-22,294
50620,2016-10-23,274
50619,2016-10-24,263
50618,2016-10-25,0
50617,2016-10-26,285
50616,2016-10-27,0
50615,2016-10-28,312
50614,2016-10-29,0
50613,2016-10-30,301
50612,2016-10-31,0
50611,2016-11-01,270
50610,2016-11-02,297
50609,2016-11-03,263
50608,2016-11-04,282
50607,2016-11-05,312
50606,2016-11-06,307
50605,2016-11-07,258
50604,2016-11-08,286
50603,2016-11-09,267
50602,2016-11-10,291
50601,2016-11-11,280
50600,2016-11-12,300
50599,2016-11-13,268
50598,2016-11-14,314
50597,2016-11-15,275
50596,2016-11-16,268
50595,2016-11-17,271
50594,2016-11-18,288
50593,2016-11-19,303
50592,2016-11-20,287
49878,2016-11-21,262
49877,2016-11-22,277
49876,2016-11-23,261
49875,2016-11-24,280
49874,2016-11-25,297
49873,2016-11-26,292
49872,2016-11-27,268
49871,2016-11-28,248
49870,2016-11-29,262
49869,2016-11-30,271
49868,2016-12-01,275
49867,2016-12-02,270
49866,2016-12-03,264
49865,2016-12-04,269
49864,2016-12-05,260
49863,2016-12-06,277
49862,2016-12-07,284
49861,2016-12-08,260
49860,2016-12-09,275
49859,2016-12-10,283
49858,2016-12-11,273
49857,2016-12-12,261
49856,2016-12-13,277
49855,2016-12-14,276
49854,2016-12-15,263
49853,2016-12-16,269
49852,2016-12-17,284
49851,2016-12-18,271
49850,2016-12-19,260
49849,2016-12-20,272
49848,2016-12-21,277
49134,2016-12-22,269
49133,2016-12-23,263
49132,2016-12-24,249
49131,2016-12-25,248
49130,2016-12-26,280
49129,2016-12-27,260
49128,2016-12-28,274
49127,2016-12-29,288
49126,2016-12-30,281
49125,2016-12-31,276
49124,2017-01-01,258
49123,2017-01-02,286
49122,2017-01-03,278
49121,2017-01-04,273
49120,2017-01-05,268
49119,2017-01-06,330
49118,2017-01-07,281
49117,2017-01-08,260
49116,2017-01-09,260
49115,2017-01-10,273
49114,2017-01-11,274
49113,2017-01-12,288
49112,2017-01-13,273
49111,2017-01-14,274
49110,2017-01-15,272
49109,2017-01-16,247
49108,2017-01-17,280
49107,2017-01-18,265
49106,2017-01-19,310
49105,2017-01-20,292
49104,2017-01-21,276
48390,2017-01-22,289
48389,2017-01-23,259
48388,2017-01-24,270
48387,2017-01-25,292
48386,2017-01-26,319
48385,2017-01-27,389
48384,2017-01-28,318
48383,2017-01-29,291
48382,2017-01-30,283
48381,2017-01-31,254
48380,2017-02-01,267
48379,2017-02-02,263
48378,2017-02-03,269
48377,2017-02-04,271
48376,2017-02-05,268
48375,2017-02-06,275
48374,2017-02-07,268
48373,2017-02-08,327
48372,2017-02-09,246
48371,2017-02-10,297
48370,2017-02-11,271
48369,2017-02-12,281
48368,2017-02-13,252
48367,2017-02-14,257
48366,2017-02-15,255
48365,2017-02-16,250
48364,2017-02-17,280
48363,2017-02-18,275
48362,2017-02-19,255
48361,2017-02-20,263
48360,2017-02-21,295
47646,2017-02-22,273
47645,2017-02-23,285
47644,2017-02-24,274
47643,2017-02-25,283
47642,2017-02-26,265
47641,2017-02-27,282
47640,2017-02-28,263
47639,2017-03-01,261
47638,2017-03-02,265
47637,2017-03-03,256
47636,2017-03-04,259
47635,2017-03-05,265
47634,2017-03-06,257
47633,2017-03-07,244
47632,2017-03-08,263
47631,2017-03-09,264
47630,2017-03-10,264
47629,2017-03-11,267
47628,2017-03-12,245
47627,2017-03-13,262
47626,2017-03-14,291
47625,2017-03-15,261
47624,2017-03-16,263
47623,2017-03-17,265
47622,2017-03-18,280
47621,2017-03-19,257
47620,2017-03-20,259
47619,2017-03-21,273
47618,2017-03-22,273
47617,2017-03-23,290
47616,2017-03-24,284
46902,2017-03-25,273
46901,2017-03-26,261
46900,2017-03-27,295
46899,2017-03-28,281
46898,2017-03-29,306
46897,2017-03-30,256
46896,2017-03-31,282
46895,2017-04-01,291
46894,2017-04-02,249
46893,2017-04-03,265
46892,2017-04-04,265
46891,2017-04-05,276
46890,2017-04-06,293
46889,2017-04-07,307
46888,2017-04-08,296
46887,2017-04-09,277
46886,2017-04-10,261
46885,2017-04-11,260
46884,2017-04-12,330
46883,2017-04-13,262
46882,2017-04-14,291
46881,2017-04-15,304
46880,2017-04-16,254
46879,2017-04-17,269
46878,2017-04-18,270
46877,2017-04-19,266
46876,2017-04-20,282
46875,2017-04-21,282
46874,2017-04-22,276
46873,2017-04-23,275
46872,2017-04-24,276
46158,2017-04-25,281
46157,2017-04-26,266
46156,2017-04-27,288
46155,2017-04-28,269
46154,2017-04-29,307
46153,2017-04-30,263
46152,2017-05-01,279
46151,2017-05-02,279
46150,2017-05-03,324
46149,2017-05-04,318
46148,2017-05-05,329
46147,2017-05-06,297
46146,2017-05-07,287
46145,2017-05-08,252
46144,2017-05-09,263
46143,2017-05-10,274
46142,2017-05-11,275
46141,2017-05-12,288
46140,2017-05-13,268
46139,2017-05-14,250
46138,2017-05-15,272
46137,2017-05-16,265
46136,2017-05-17,266
46135,2017-05-18,271
46134,2017-05-19,274
46133,2017-05-20,285
46132,2017-05-21,272
46131,2017-05-22,290
46130,2017-05-23,318
46129,2017-05-24,255
46128,2017-05-25,276
45414,2017-05-26,269
45413,2017-05-27,280
45412,2017-05-28,256
45411,2017-05-29,250
45410,2017-05-30,274
45409,2017-05-31,270
45408,2017-06-01,269
45407,2017-06-02,274
45406,2017-06-03,292
45405,2017-06-04,282
45404,2017-06-05,271
45403,2017-06-06,264
45402,2017-06-07,266
45401,2017-06-08,263
45400,2017-06-09,316
45399,2017-06-10,271
45398,2017-06-11,263
45397,2017-06-12,283
45396,2017-06-13,264
45395,2017-06-14,294
45394,2017-06-15,264
45393,2017-06-16,276
45392,2017-06-17,282
45391,2017-06-18,262
45390,2017-06-19,248
45389,2017-06-20,277
45388,2017-06-21,274
45387,2017-06-22,263
45386,2017-06-23,272
45385,2017-06-24,266
45384,2017-06-25,271
44670,2017-06-26,289
44669,2017-06-27,303
44668,2017-06-28,257
44667,2017-06-29,244
44666,2017-06-30,308
44665,2017-07-01,277
44664,2017-07-02,291
44663,2017-07-03,267
44662,2017-07-04,264
44661,2017-07-05,277
44660,2017-07-06,299
44659,2017-07-07,272
44658,2017-07-08,289
44657,2017-07-09,258
44656,2017-07-10,293
44655,2017-07-11,289
44654,2017-07-12,272
44653,2017-07-13,282
44652,2017-07-14,0
44651,2017-07-15,276
44650,2017-07-16,276
44649,2017-07-17,252
44648,2017-07-18,279
44647,2017-07-19,260
44646,2017-07-20,266
44645,2017-07-21,274
44644,2017-07-22,275
44643,2017-07-23,269
44642,2017-07-24,271
44641,2017-07-25,268
44640,2017-07-26,291
43926,2017-07-27,281
43925,2017-07-28,283
43924,2017-07-29,317
43923,2017-07-30,262
43922,2017-07-31,284
43921,2017-08-01,289
43920,2017-08-02,285
43919,2017-08-03,285
43918,2017-08-04,281
43917,2017-08-05,288
43916,2017-08-06,253
43915,2017-08-07,264
43914,2017-08-08,268
43913,2017-08-09,274
43912,2017-08-10,278
43911,2017-08-11,280
43910,2017-08-12,306
43909,2017-08-13,274
43908,2017-08-14,283
43907,2017-08-15,289
43906,2017-08-16,291
43905,2017-08-17,282
43904,2017-08-18,284
43903,2017-08-19,280
43902,2017-08-20,280
43901,2017-08-21,298
43900,2017-08-22,278
43899,2017-08-23,286
43898,2017-08-24,314
43897,2017-08-25,283
43896,2017-08-26,287
43182,2017-08-27,268
43181,2017-08-28,251
43180,2017-08-29,270
43179,2017-08-30,277
43178,2017-08-31,279
43177,2017-09-01,283
43176,2017-09-02,269
43175,2017-09-03,289
43174,2017-09-04,272
43173,2017-09-05,277
43172,2017-09-06,283
43171,2017-09-07,276
43170,2017-09-08,263
43169,2017-09-09,279
43168,2017-09-10,251
43167,2017-09-11,276
43166,2017-09-12,280
43165,2017-09-13,287
43164,2017-09-14,269
43163,2017-09-15,277
43162,2017-09-16,288
43161,2017-09-17,277
43160,2017-09-18,285
43159,2017-09-19,268
43158,2017-09-20,268
43157,2017-09-21,271
43156,2017-09-22,278
43155,2017-09-23,292
43154,2017-09-24,258
43153,2017-09-25,296
43152,2017-09-26,295
42438,2017-09-27,273
42437,2017-09-28,278
42436,2017-09-29,257
42435,2017-09-30,286
42434,2017-10-01,288
42433,2017-10-02,320
42432,2017-10-03,374
42431,2017-10-04,367
42430,2017-10-05,377
42429,2017-10-06,296
42428,2017-10-07,273
42427,2017-10-08,255
42426,2017-10-09,249
42425,2017-10-10,264
42424,2017-10-11,273
42423,2017-10-12,255
42422,2017-10-13,284
42421,2017-10-14,270
42420,2017-10-15,262
42419,2017-10-16,290
42418,2017-10-17,274
42417,2017-10-18,276
42416,2017-10-19,252
42415,2017-10-20,257
42414,2017-10-21,286
42413,2017-10-22,253
42412,2017-10-23,263
42411,2017-10-24,280
42410,2017-10-25,335
42409,2017-10-26,268
42408,2017-10-27,282
41694,2017-10-28,277
41693,2017-10-29,285
41692,2017-10-30,273
41691,2017-10-31,268
41690,2017-11-01,286
41689,2017-11-02,259
41688,2017-11-03,267
41687,2017-11-04,282
41686,2017-11-05,286
41685,2017-11-06,266
41684,2017-11-07,242
41683,2017-11-08,259
41682,2017-11-09,273
41681,2017-11-10,267
41680,2017-11-11,285
41679,2017-11-12,272
41678,2017-11-13,276
41677,2017-11-14,251
41676,2017-11-15,263
41675,2017-11-16,337
41674,2017-11-17,274
41673,2017-11-18,277
41672,2017-11-19,270
41671,2017-11-20,267
41670,2017-11-21,248
41669,2017-11-22,291
41668,2017-11-23,264
41667,2017-11-24,267
41666,2017-11-25,275
41665,2017-11-26,268
41664,2017-11-27,273
40950,2017-11-28,282
40949,2017-11-29,305
40948,2017-11-30,268
40947,2017-12-01,322
40946,2017-12-02,276
40945,2017-12-03,277
40944,2017-12-04,264
40943,2017-12-05,256
40942,2017-12-06,278
40941,2017-12-07,345
40940,2017-12-08,264
40939,2017-12-09,263
40938,2017-12-10,283
40937,2017-12-11,260
40936,2017-12-12,282
40935,2017-12-13,289
40934,2017-12-14,292
40933,2017-12-15,268
40932,2017-12-16,260
40931,2017-12-17,265
40930,2017-12-18,273
40929,2017-12-19,272
40928,2017-12-20,271
40927,2017-12-21,312
40926,2017-12-22,277
40925,2017-12-23,291
40924,2017-12-24,267
40923,2017-12-25,248
40922,2017-12-26,265
40921,2017-12-27,245
40920,2017-12-28,254
40206,2017-12-29,299
40205,2017-12-30,284
40204,2017-12-31,282
40203,2018-01-01,269
40202,2018-01-02,276
40201,2018-01-03,262
40200,2018-01-04,256
40199,2018-01-05,247
40198,2018-01-06,275
40197,2018-01-07,243
40196,2018-01-08,274
40195,2018-01-09,267
40194,2018-01-10,279
40193,2018-01-11,278
40192,2018-01-12,259
40191,2018-01-13,268
40190,2018-01-14,250
40189,2018-01-15,327
40188,2018-01-16,268
40187,2018-01-17,257
40186,2018-01-18,275
40185,2018-01-19,260
40184,2018-01-20,267
40183,2018-01-21,248
40182,2018-01-22,278
40181,2018-01-23,282
40180,2018-01-24,277
40179,2018-01-25,288
40178,2018-01-26,255
40177,2018-01-27,276
40176,2018-01-28,265
39462,2018-01-29,271
39461,2018-01-30,259
39460,2018-01-31,260
39459,2018-02-01,268
39458,2018-02-02,268
39457,2018-02-03,254
39456,2018-02-04,245
39455,2018-02-05,270
39454,2018-02-06,266
39453,2018-02-07,261
39452,2018-02-08,257
39451,2018-02-09,241
39450,2018-02-10,257
39449,2018-02-11,272
39448,2018-02-12,271
39447,2018-02-13,272
39446,2018-02-14,290
39445,2018-02-15,391
39444,2018-02-16,299
39443,2018-02-17,272
39442,2018-02-18,250
39441,2018-02-19,254
39440,2018-02-20,276
39439,2018-02-21,270
39438,2018-02-22,265
39437,2018-02-23,280
39436,2018-02-24,296
39435,2018-02-25,258
39434,2018-02-26,265
39433,2018-02-27,296
39432,2018-02-28,292
38718,2018-03-01,274
38717,2018-03-02,259
38716,2018-03-03,274
38715,2018-03-04,251
38714,2018-03-05,257
38713,2018-03-06,253
38712,2018-03-07,248
38711,2018-03-08,342
38710,2018-03-09,255
38709,2018-03-10,257
38708,2018-03-11,243
38707,2018-03-12,291
38706,2018-03-13,277
38705,2018-03-14,299
38704,2018-03-15,266
38703,2018-03-16,274
38702,2018-03-17,274
38701,2018-03-18,252
38700,2018-03-19,274
38699,2018-03-20,295
38698,2018-03-21,312
38697,2018-03-22,246
38696,2018-03-23,259
38695,2018-03-24,258
38694,2018-03-25,247
38693,2018-03-26,254
38692,2018-03-27,270
38691,2018-03-28,262
38690,2018-03-29,281
38689,2018-03-30,269
38688,2018-03-31,268
37974,2018-04-01,283
37973,2018-04-02,271
37972,2018-04-03,270
37971,2018-04-04,254
37970,2018-04-05,253
37969,2018-04-06,276
37968,2018-04-07,274
37967,2018-04-08,263
37966,2018-04-09,251
37965,2018-04-10,274
37964,2018-04-11,280
37963,2018-04-12,257
37962,2018-04-13,318
37961,2018-04-14,294
37960,2018-04-15,253
37959,2018-04-16,271
37958,2018-04-17,287
37957,2018-04-18,275
37956,2018-04-19,282
37955,2018-04-20,261
37954,2018-04-21,296
37953,2018-04-22,277
37952,2018-04-23,276
37951,2018-04-24,250
37950,2018-04-25,266
37949,2018-04-26,272
37948,2018-04-27,288
37947,2018-04-28,285
37946,2018-04-29,263
37945,2018-04-30,280
37944,2018-05-01,248
37230,2018-05-02,261
37229,2018-05-03,255
37228,2018-05-04,287
37227,2018-05-05,373
37226,2018-05-06,309
37225,2018-05-07,281
37224,2018-05-08,269
37223,2018-05-09,253
37222,2018-05-10,269
37221,2018-05-11,274
37220,2018-05-12,270
37219,2018-05-13,253
37218,2018-05-14,262
37217,2018-05-15,266
37216,2018-05-16,286
37215,2018-05-17,253
37214,2018-05-18,271
37213,2018-05-19,303
37212,2018-05-20,267
37211,2018-05-21,266
37210,2018-05-22,300
37209,2018-05-23,263
37208,2018-05-24,267
37207,2018-05-25,274
37206,2018-05-26,279
37205,2018-05-27,256
37204,2018-05-28,295
37203,2018-05-29,268
37202,2018-05-30,264
37201,2018-05-31,258
37200,2018-06-01,263
36486,2018-06-02,279
36485,2018-06-03,249
36484,2018-06-04,279
36483,2018-06-05,270
36482,2018-06-06,273
36481,2018-06-07,258
36480,2018-06-08,309
36479,2018-06-09,0
36478,2018-06-10,243
36477,2018-06-11,255
36476,2018-06-12,267
36475,2018-06-13,264
36474,2018-06-14,392
36473,2018-06-15,278
36472,2018-06-16,258
36471,2018-06-17,267
36470,2018-06-18,249
36469,2018-06-19,278
36468,2018-06-20,271
36467,2018-06-21,299
36466,2018-06-22,301
36465,2018-06-23,285
36464,2018-06-24,260
36463,2018-06-25,279
36462,2018-06-26,273
36461,2018-06-27,279
36460,2018-06-28,262
36459,2018-06-29,275
36458,2018-06-30,265
36457,2018-07-01,273
36456,2018-07-02,275
35742,2018-07-03,272
35741,2018-07-04,269
35740,2018-07-05,290
35739,2018-07-06,271
35738,2018-07-07,287
35737,2018-07-08,299
35736,2018-07-09,266
35735,2018-07-10,296
35734,2018-07-11,265
35733,2018-07-12,272
35732,2018-07-13,257
35731,2018-07-14,273
35730,2018-07-15,267
35729,2018-07-16,287
35728,2018-07-17,269
35727,2018-07-18,298
35726,2018-07-19,263
35725,2018-07-20,263
35724,2018-07-21,278
35723,2018-07-22,265
35722,2018-07-23,281
35721,2018-07-24,279
35720,2018-07-25,265
35719,2018-07-26,281
35718,2018-07-27,278
35717,2018-07-28,291
35716,2018-07-29,264
35715,2018-07-30,274
35714,2018-07-31,291
35713,2018-08-01,291
35712,2018-08-02,285
34998,2018-08-03,275
34997,2018-08-04,290
34996,2018-08-05,272
34995,2018-08-06,271
34994,2018-08-07,303
34993,2018-08-08,281
34992,2018-08-09,272
34991,2018-08-10,282
34990,2018-08-11,285
34989,2018-08-12,265
34988,2018-08-13,296
34987,2018-08-14,282
34986,2018-08-15,293
34985,2018-08-16,276
34984,2018-08-17,291
34983,2018-08-18,277
34982,2018-08-19,258
34981,2018-08-20,261
34980,2018-08-21,268
34979,2018-08-22,272
34978,2018-08-23,267
34977,2018-08-24,276
34976,2018-08-25,271
34975,2018-08-26,289
34974,2018-08-27,287
34973,2018-08-28,275
34972,2018-08-29,273
34971,2018-08-30,270
34970,2018-08-31,295
34969,2018-09-01,277
34968,2018-09-02,261
34254,2018-09-03,266
34253,2018-09-04,262
34252,2018-09-05,257
34251,2018-09-06,290
34250,2018-09-07,282
34249,2018-09-08,291
34248,2018-09-09,314
34247,2018-09-10,269
34246,2018-09-11,278
34245,2018-09-12,268
34244,2018-09-13,259
34243,2018-09-14,283
34242,2018-09-15,307
34241,2018-09-16,288
34240,2018-09-17,281
34239,2018-09-18,273
34238,2018-09-19,261
34237,2018-09-20,299
34236,2018-09-21,276
34235,2018-09-22,325
34234,2018-09-23,331
34233,2018-09-24,331
34232,2018-09-25,289
34231,2018-09-26,259
34230,2018-09-27,295
34229,2018-09-28,258
34228,2018-09-29,252
34227,2018-09-30,250
34226,2018-10-01,284
34225,2018-10-02,263
34224,2018-10-03,300
33510,2018-10-04,277
33509,2018-10-05,293
33508,2018-10-06,281
33507,2018-10-07,258
33506,2018-10-08,277
33505,2018-10-09,261
33504,2018-10-10,277
33503,2018-10-11,311
33502,2018-10-12,323
33501,2018-10-13,272
33500,2018-10-14,266
33499,2018-10-15,273
33498,2018-10-16,264
33497,2018-10-17,275
33496,2018-10-18,273
33495,2018-10-19,277
33494,2018-10-20,280
33493,2018-10-21,281
33492,2018-10-22,308
33491,2018-10-23,283
33490,2018-10-24,292
33489,2018-10-25,278
33488,2018-10-26,301
33487,2018-10-27,302
33486,2018-10-28,299
33485,2018-10-29,270
33484,2018-10-30,278
33483,2018-10-31,289
33482,2018-11-01,289
33481,2018-11-02,286
33480,2018-11-03,305
32766,2018-11-04,250
32765,2018-11-05,268
32764,2018-11-06,301
32763,2018-11-07,252
32762,2018-11-08,284
32761,2018-11-09,270
32760,2018-11-10,299
32759,2018-11-11,268
32758,2018-11-12,281
32757,2018-11-13,262
32756,2018-11-14,308
32755,2018-11-15,266
32754,2018-11-16,264
32753,2018-11-17,311
32752,2018-11-18,261
32751,2018-11-19,282
32750,2018-11-20,280
32749,2018-11-21,266
32748,2018-11-22,288
32747,2018-11-23,285
32746,2018-11-24,315
32745,2018-11-25,292
32744,2018-11-26,263
32743,2018-11-27,262
32742,2018-11-28,285
32741,2018-11-29,280
32740,2018-11-30,262
32739,2018-12-01,293
32738,2018-12-02,285
32737,2018-12-03,250
32736,2018-12-04,260
32022,2018-12-05,259
32021,2018-12-06,254
32020,2018-12-07,256
32019,2018-12-08,298
32018,2018-12-09,254
32017,2018-12-10,258
32016,2018-12-11,269
32015,2018-12-12,281
32014,2018-12-13,292
32013,2018-12-14,276
32012,2018-12-15,271
32011,2018-12-16,261
32010,2018-12-17,284
32009,2018-12-18,277
32008,2018-12-19,254
32007,2018-12-20,289
32006,2018-12-21,281
32005,2018-12-22,271
32004,2018-12-23,253
32003,2018-12-24,245
32002,2018-12-25,257
32001,2018-12-26,266
32000,2018-12-27,257
31999,2018-12-28,246
31998,2018-12-29,272
31997,2018-12-30,275
31996,2018-12-31,244
31995,2019-01-01,257
31994,2019-01-02,237
31993,2019-01-03,248
31992,2019-01-04,252
31278,2019-01-05,258
31277,2019-01-06,262
31276,2019-01-07,254
31275,2019-01-08,277
31274,2019-01-09,267
31273,2019-01-10,267
31272,2019-01-11,266
31271,2019-01-12,261
31270,2019-01-13,259
31269,2019-01-14,253
31268,2019-01-15,249
31267,2019-01-16,258
31266,2019-01-17,242
31265,2019-01-18,247
31264,2019-01-19,267
31263,2019-01-20,243
31262,2019-01-21,256
31261,2019-01-22,259
31260,2019-01-23,254
31259,2019-01-24,241
31258,2019-01-25,270
31257,2019-01-26,242
31256,2019-01-27,243
31255,2019-01-28,248
31254,2019-01-29,258
31253,2019-01-30,275
31252,2019-01-31,260
31251,2019-02-01,278
31250,2019-02-02,268
31249,2019-02-03,305
31248,2019-02-04,290
30534,2019-02-05,297
30533,2019-02-06,278
30532,2019-02-07,243
30531,2019-02-08,247
30530,2019-02-09,238
30529,2019-02-10,255
30528,2019-02-11,258
30527,2019-02-12,256
30526,2019-02-13,250
30525,2019-02-14,250
30524,2019-02-15,283
30523,2019-02-16,253
30522,2019-02-17,261
30521,2019-02-18,256
30520,2019-02-19,308
30519,2019-02-20,257
30518,2019-02-21,264
30517,2019-02-22,252
30516,2019-02-23,259
30515,2019-02-24,266
30514,2019-02-25,267
30513,2019-02-26,261
30512,2019-02-27,250
30511,2019-02-28,272
30510,2019-03-01,308
30509,2019-03-02,268
30508,2019-03-03,261
30507,2019-03-04,247
30506,2019-03-05,242
30505,2019-03-06,265
30504,2019-03-07,266
29790,2019-03-08,255
29789,2019-03-09,258
29788,2019-03-10,268
29787,2019-03-11,245
29786,2019-03-12,258
29785,2019-03-13,260
29784,2019-03-14,270
29783,2019-03-15,256
29782,2019-03-16,268
29781,2019-03-17,239
29780,2019-03-18,257
29779,2019-03-19,264
29778,2019-03-20,269
29777,2019-03-21,244
29776,2019-03-22,267
29775,2019-03-23,284
29774,2019-03-24,233
29773,2019-03-25,253
29772,2019-03-26,258
29771,2019-03-27,256
29770,2019-03-28,247
29769,2019-03-29,249
29768,2019-03-30,264
29767,2019-03-31,254
29766,2019-04-01,264
29765,2019-04-02,303
29764,2019-04-03,234
29763,2019-04-04,258
29762,2019-04-05,294
29761,2019-04-06,285
29760,2019-04-07,254
29046,2019-04-08,252
29045,2019-04-09,293
29044,2019-04-10,263
29043,2019-04-11,280
29042,2019-04-12,267
29041,2019-04-13,278
29040,2019-04-14,250
29039,2019-04-15,254
29038,2019-04-16,267
29037,2019-04-17,353
29036,2019-04-18,256
29035,2019-04-19,250
29034,2019-04-20,269
29033,2019-04-21,245
29032,2019-04-22,275
29031,2019-04-23,255
29030,2019-04-24,248
29029,2019-04-25,257
29028,2019-04-26,255
29027,2019-04-27,269
29026,2019-04-28,262
29025,2019-04-29,247
29024,2019-04-30,299
29023,2019-05-01,259
29022,2019-05-02,289
29021,2019-05-03,279
29020,2019-05-04,345
29019,2019-05-05,276
29018,2019-05-06,273
29017,2019-05-07,269
29016,2019-05-08,256
28302,2019-05-09,259
28301,2019-05-10,265
28300,2019-05-11,274
28299,2019-05-12,237
28298,2019-05-13,266
28297,2019-05-14,274
28296,2019-05-15,246
28295,2019-05-16,250
28294,2019-05-17,265
28293,2019-05-18,284
28292,2019-05-19,245
28291,2019-05-20,279
28290,2019-05-21,258
28289,2019-05-22,324
28288,2019-05-23,253
28287,2019-05-24,286
28286,2019-05-25,280
28285,2019-05-26,269
28284,2019-05-27,274
28283,2019-05-28,250
28282,2019-05-29,272
28281,2019-05-30,247
28280,2019-05-31,252
28279,2019-06-01,256
28278,2019-06-02,282
28277,2019-06-03,266
28276,2019-06-04,254
28275,2019-06-05,277
28274,2019-06-06,275
28273,2019-06-07,285
28272,2019-06-08,276
27558,2019-06-09,260
27557,2019-06-10,273
27556,2019-06-11,283
27555,2019-06-12,310
27554,2019-06-13,276
27553,2019-06-14,266
27552,2019-06-15,268
27551,2019-06-16,266
27550,2019-06-17,281
27549,2019-06-18,252
27548,2019-06-19,253
27547,2019-06-20,255
27546,2019-06-21,280
27545,2019-06-22,266
27544,2019-06-23,247
27543,2019-06-24,256
27542,2019-06-25,251
27541,2019-06-26,270
27540,2019-06-27,257
27539,2019-06-28,258
27538,2019-06-29,271
27537,2019-06-30,251
27536,2019-07-01,281
27535,2019-07-02,272
27534,2019-07-03,276
27533,2019-07-04,244
27532,2019-07-05,267
27531,2019-07-06,291
27530,2019-07-07,255
27529,2019-07-08,258
27528,2019-07-09,253
26814,2019-07-10,259
26813,2019-07-11,268
26812,2019-07-12,266
26811,2019-07-13,281
26810,2019-07-14,259
26809,2019-07-15,269
26808,2019-07-16,257
26807,2019-07-17,265
26806,2019-07-18,258
26805,2019-07-19,279
26804,2019-07-20,270
26803,2019-07-21,265
26802,2019-07-22,279
26801,2019-07-23,266
26800,2019-07-24,278
26799,2019-07-25,287
26798,2019-07-26,266
26797,2019-07-27,277
26796,2019-07-28,0
26795,2019-07-29,268
26794,2019-07-30,273
26793,2019-07-31,287
26792,2019-08-01,295
26791,2019-08-02,292
26790,2019-08-03,309
26789,2019-08-04,261
26788,2019-08-05,265
26787,2019-08-06,276
26786,2019-08-07,267
26785,2019-08-08,262
26784,2019-08-09,279
26070,2019-08-10,262
26069,2019-08-11,269
26068,2019-08-12,263
26067,2019-08-13,279
26066,2019-08-14,288
26065,2019-08-15,269
26064,2019-08-16,245
26063,2019-08-17,311
26062,2019-08-18,255
26061,2019-08-19,298
26060,2019-08-20,264
26059,2019-08-21,261
26058,2019-08-22,283
26057,2019-08-23,261
26056,2019-08-24,284
26055,2019-08-25,254
26054,2019-08-26,277
26053,2019-08-27,302
26052,2019-08-28,261
26051,2019-08-29,270
26050,2019-08-30,270
26049,2019-08-31,324
26048,2019-09-01,276
26047,2019-09-02,248
26046,2019-09-03,276
26045,2019-09-04,283
26044,2019-09-05,243
26043,2019-09-06,262
26042,2019-09-07,232
26041,2019-09-08,235
26040,2019-09-09,257
25326,2019-09-10,267
25325,2019-09-11,306
25324,2019-09-12,448
25323,2019-09-13,0
25322,2019-09-14,284
25321,2019-09-15,255
25320,2019-09-16,262
25319,2019-09-17,267
25318,2019-09-18,268
25317,2019-09-19,263
25316,2019-09-20,276
25315,2019-09-21,268
25314,2019-09-22,260
25313,2019-09-23,248
25312,2019-09-24,279
25311,2019-09-25,255
25310,2019-09-26,283
25309,2019-09-27,250
25308,2019-09-28,268
25307,2019-09-29,285
25306,2019-09-30,267
25305,2019-10-01,272
25304,2019-10-02,320
25303,2019-10-03,280
25302,2019-10-04,273
25301,2019-10-05,263
25300,2019-10-06,280
25299,2019-10-07,266
25298,2019-10-08,268
25297,2019-10-09,271
25296,2019-10-10,273
24582,2019-10-11,273
24581,2019-10-12,277
24580,2019-10-13,265
24579,2019-10-14,314
24578,2019-10-15,241
24577,2019-10-16,302
24576,2019-10-17,253
24575,2019-10-18,272
24574,2019-10-19,294
24573,2019-10-20,264
24572,2019-10-21,267
24571,2019-10-22,251
24570,2019-10-23,259
24569,2019-10-24,268
24568,2019-10-25,286
24567,2019-10-26,304
24566,2019-10-27,278
24565,2019-10-28,265
24564,2019-10-29,271
24563,2019-10-30,267
24562,2019-10-31,253
24561,2019-11-01,271
24560,2019-11-02,288
24559,2019-11-03,282
24558,2019-11-04,267
24557,2019-11-05,272
24556,2019-11-06,257
24555,2019-11-07,288
24554,2019-11-08,271
24553,2019-11-09,282
24552,2019-11-10,283
23838,2019-11-11,270
23837,2019-11-12,261
23836,2019-11-13,260
23835,2019-11-14,247
23834,2019-11-15,260
23833,2019-11-16,274
23832,2019-11-17,272
23831,2019-11-18,268
23830,2019-11-19,256
23829,2019-11-20,257
23828,2019-11-21,289
23827,2019-11-22,274
23826,2019-11-23,283
23825,2019-11-24,264
23824,2019-11-25,262
23823,2019-11-26,258
23822,2019-11-27,259
23821,2019-11-28,255
23820,2019-11-29,280
23819,2019-11-30,265
23818,2019-12-01,253
23817,2019-12-02,271
23816,2019-12-03,287
23815,2019-12-04,262
23814,2019-12-05,247
23813,2019-12-06,272
23812,2019-12-07,280
23811,2019-12-08,257
23810,2019-12-09,289
23809,2019-12-10,261
23808,2019-12-11,266
23094,2019-12-12,256
23093,2019-12-13,258
23092,2019-12-14,261
23091,2019-12-15,256
23090,2019-12-16,248
23089,2019-12-17,262
23088,2019-12-18,259
23087,2019-12-19,301
23086,2019-12-20,268
23085,2019-12-21,280
23084,2019-12-22,250
23083,2019-12-23,259
23082,2019-12-24,307
23081,2019-12-25,240
23080,2019-12-26,273
23079,2019-12-27,273
23078,2019-12-28,281
23077,2019-12-29,269
23076,2019-12-30,263
23075,2019-12-31,261
23074,2020-01-01,291
23073,2020-01-02,262
23072,2020-01-03,277
23071,2020-01-04,243
23070,2020-01-05,286
23069,2020-01-06,259
23068,2020-01-07,270
23067,2020-01-08,278
23066,2020-01-09,271
23065,2020-01-10,251
23064,2020-01-11,267
22350,2020-01-12,251
22349,2020-01-13,262
22348,2020-01-14,247
22347,2020-01-15,253
22346,2020-01-16,248
22345,2020-01-17,260
22344,2020-01-18,266
22343,2020-01-19,245
22342,2020-01-20,257
22341,2020-01-21,265
22340,2020-01-22,274
22339,2020-01-23,309
22338,2020-01-24,404
22337,2020-01-25,307
22336,2020-01-26,269
22335,2020-01-27,264
22334,2020-01-28,274
22333,2020-01-29,250
22332,2020-01-30,249
22331,2020-01-31,239
22330,2020-02-01,255
22329,2020-02-02,245
22328,2020-02-03,255
22327,2020-02-04,271
22326,2020-02-05,249
22325,2020-02-06,234
22324,2020-02-07,271
22323,2020-02-08,256
22322,2020-02-09,235
22321,2020-02-10,245
22320,2020-02-11,241
21606,2020-02-12,301
21605,2020-02-13,278
21604,2020-02-14,258
21603,2020-02-15,258
21602,2020-02-16,273
21601,2020-02-17,264
21600,2020-02-18,261
21599,2020-02-19,250
21598,2020-02-20,255
21597,2020-02-21,257
21596,2020-02-22,244
21595,2020-02-23,252
21594,2020-02-24,230
21593,2020-02-25,264
21592,2020-02-26,269
21591,2020-02-27,248
21590,2020-02-28,240
21589,2020-02-29,243
21588,2020-03-01,240
21587,2020-03-02,257
21586,2020-03-03,267
21585,2020-03-04,268
21584,2020-03-05,223
21583,2020-03-06,247
21582,2020-03-07,240
21581,2020-03-08,236
21580,2020-03-09,231
21579,2020-03-10,268
21578,2020-03-11,263
21577,2020-03-12,269
21576,2020-03-13,239
20862,2020-03-14,247
20861,2020-03-15,229
20860,2020-03-16,265
20859,2020-03-17,262
20858,2020-03-18,243
20857,2020-03-19,226
20856,2020-03-20,327
20855,2020-03-21,246
20854,2020-03-22,221
20853,2020-03-23,249
20852,2020-03-24,246
20851,2020-03-25,272
20850,2020-03-26,244
20849,2020-03-27,235
20848,2020-03-28,240
20847,2020-03-29,226
20846,2020-03-30,244
20845,2020-03-31,247
20844,2020-04-01,260
20843,2020-04-02,253
20842,2020-04-03,243
20841,2020-04-04,255
20840,2020-04-05,251
20839,2020-04-06,256
20838,2020-04-07,256
20837,2020-04-08,286
20836,2020-04-09,242
20835,2020-04-10,260
20834,2020-04-11,251
20833,2020-04-12,228
20832,2020-04-13,243
20118,2020-04-14,262
20117,2020-04-15,241
20116,2020-04-16,285
20115,2020-04-17,262
20114,2020-04-18,246
20113,2020-04-19,261
20112,2020-04-20,242
20111,2020-04-21,257
20110,2020-04-22,229
20109,2020-04-23,257
20108,2020-04-24,253
20107,2020-04-25,265
20106,2020-04-26,251
20105,2020-04-27,292
20104,2020-04-28,247
20103,2020-04-29,255
20102,2020-04-30,324
20101,2020-05-01,274
20100,2020-05-02,270
20099,2020-05-03,250
20098,2020-05-04,258
20097,2020-05-05,261
20096,2020-05-06,249
20095,2020-05-07,249
20094,2020-05-08,247
20093,2020-05-09,283
20092,2020-05-10,253
20091,2020-05-11,261
20090,2020-05-12,254
20089,2020-05-13,347
20088,2020-05-14,242
19374,2020-05-15,271
19373,2020-05-16,265
19372,2020-05-17,225
19371,2020-05-18,257
19370,2020-05-19,251
19369,2020-05-20,241
19368,2020-05-21,232
19367,2020-05-22,244
19366,2020-05-23,269
19365,2020-05-24,248
19364,2020-05-25,268
19363,2020-05-26,280
19362,2020-05-27,307
19361,2020-05-28,244
19360,2020-05-29,249
19359,2020-05-30,278
19358,2020-05-31,242
19357,2020-06-01,269
19356,2020-06-02,265
19355,2020-06-03,257
19354,2020-06-04,259
19353,2020-06-05,275
19352,2020-06-06,277
19351,2020-06-07,254
19350,2020-06-08,250
19349,2020-06-09,253
19348,2020-06-10,246
19347,2020-06-11,288
19346,2020-06-12,267
19345,2020-06-13,272
19344,2020-06-14,250
18630,2020-06-15,279
18629,2020-06-16,259
18628,2020-06-17,264
18627,2020-06-18,274
18626,2020-06-19,281
18625,2020-06-20,284
18624,2020-06-21,252
18623,2020-06-22,232
18622,2020-06-23,279
18621,2020-06-24,260
18620,2020-06-25,281
18619,2020-06-26,247
18618,2020-06-27,250
18617,2020-06-28,238
18616,2020-06-29,246
18615,2020-06-30,257
18614,2020-07-01,274
18613,2020-07-02,251
18612,2020-07-03,263
18611,2020-07-04,274
18610,2020-07-05,245
18609,2020-07-06,260
18608,2020-07-07,274
18607,2020-07-08,262
18606,2020-07-09,244
18605,2020-07-10,275
18604,2020-07-11,269
18603,2020-07-12,245
18602,2020-07-13,294
18601,2020-07-14,265
18600,2020-07-15,281
17886,2020-07-16,240
17885,2020-07-17,258
17884,2020-07-18,286
17883,2020-07-19,264
17882,2020-07-20,256
17881,2020-07-21,260
17880,2020-07-22,294
17879,2020-07-23,334
17878,2020-07-24,262
17877,2020-07-25,269
17876,2020-07-26,268
17875,2020-07-27,257
17874,2020-07-28,261
17873,2020-07-29,273
17872,2020-07-30,279
17871,2020-07-31,261
17870,2020-08-01,314
17869,2020-08-02,281
17868,2020-08-03,290
17867,2020-08-04,282
17866,2020-08-05,262
17865,2020-08-06,255
17864,2020-08-07,277
17863,2020-08-08,293
17862,2020-08-09,278
17861,2020-08-10,262
17860,2020-08-11,295
17859,2020-08-12,250
17858,2020-08-13,263
17857,2020-08-14,275
17856,2020-08-15,310
17142,2020-08-16,264
17141,2020-08-17,273
17140,2020-08-18,264
17139,2020-08-19,250
17138,2020-08-20,268
17137,2020-08-21,291
17136,2020-08-22,256
17135,2020-08-23,263
17134,2020-08-24,250
17133,2020-08-25,266
17132,2020-08-26,268
17131,2020-08-27,255
17130,2020-08-28,251
17129,2020-08-29,273
17128,2020-08-30,256
17127,2020-08-31,247
17126,2020-09-01,253
17125,2020-09-02,267
17124,2020-09-03,250
17123,2020-09-04,264
17122,2020-09-05,262
17121,2020-09-06,235
17120,2020-09-07,252
17119,2020-09-08,283
17118,2020-09-09,263
17117,2020-09-10,271
17116,2020-09-11,255
17115,2020-09-12,282
17114,2020-09-13,246
17113,2020-09-14,250
17112,2020-09-15,252
16398,2020-09-16,270
16397,2020-09-17,255
16396,2020-09-18,269
16395,2020-09-19,274
16394,2020-09-20,254
16393,2020-09-21,224
16392,2020-09-22,252
16391,2020-09-23,316
16390,2020-09-24,250
16389,2020-09-25,275
16388,2020-09-26,273
16387,2020-09-27,258
16386,2020-09-28,246
16385,2020-09-29,266
16384,2020-09-30,301
16383,2020-10-01,264
16382,2020-10-02,249
16381,2020-10-03,248
16380,2020-10-04,268
16379,2020-10-05,258
16378,2020-10-06,249
16377,2020-10-07,271
16376,2020-10-08,256
16375,2020-10-09,303
16374,2020-10-10,259
16373,2020-10-11,251
16372,2020-10-12,262
16371,2020-10-13,258
16370,2020-10-14,263
16369,2020-10-15,247
16368,2020-10-16,297
15654,2020-10-17,272
15653,2020-10-18,270
15652,2020-10-19,283
15651,2020-10-20,247
15650,2020-10-21,264
15649,2020-10-22,262
15648,2020-10-23,305
15647,2020-10-24,283
15646,2020-10-25,254
15645,2020-10-26,260
15644,2020-10-27,278
15643,2020-10-28,258
15642,2020-10-29,272
15641,2020-10-30,280
15640,2020-10-31,270
15639,2020-11-01,261
15638,2020-11-02,277
15637,2020-11-03,320
15636,2020-11-04,288
15635,2020-11-05,250
15634,2020-11-06,329
15633,2020-11-07,300
15632,2020-11-08,281
15631,2020-11-09,253
15630,2020-11-10,287
15629,2020-11-11,255
15628,2020-11-12,251
15627,2020-11-13,275
15626,2020-11-14,297
15625,2020-11-15,259
15624,2020-11-16,282
14910,2020-11-17,259
14909,2020-11-18,247
14908,2020-11-19,280
14907,2020-11-20,249
14906,2020-11-21,284
14905,2020-11-22,274
14904,2020-11-23,258
14903,2020-11-24,266
14902,2020-11-25,246
14901,2020-11-26,256
14900,2020-11-27,263
14899,2020-11-28,264
14898,2020-11-29,247
14897,2020-11-30,255
14896,2020-12-01,245
14895,2020-12-02,246
14894,2020-12-03,260
14893,2020-12-04,254
14892,2020-12-05,254
14891,2020-12-06,235
14890,2020-12-07,246
14889,2020-12-08,270
14888,2020-12-09,261
14887,2020-12-10,242
14886,2020-12-11,278
14885,2020-12-12,262
14884,2020-12-13,267
14883,2020-12-14,258
14882,2020-12-15,249
14881,2020-12-16,259
14880,2020-12-17,255
14166,2020-12-18,258
14165,2020-12-19,260
14164,2020-12-20,258
14163,2020-12-21,264
14162,2020-12-22,257
14161,2020-12-23,260
14160,2020-12-24,250
14159,2020-12-25,254
14158,2020-12-26,247
14157,2020-12-27,230
14156,2020-12-28,263
14155,2020-12-29,267
14154,2020-12-30,252
14153,2020-12-31,254
14152,2021-01-01,257
14151,2021-01-02,270
14150,2021-01-03,250
14149,2021-01-04,245
14148,2021-01-05,237
14147,2021-01-06,258
14146,2021-01-07,302
14145,2021-01-08,279
14144,2021-01-09,247
14143,2021-01-10,252
14142,2021-01-11,267
14141,2021-01-12,285
14140,2021-01-13,273
14139,2021-01-14,266
14138,2021-01-15,265
14137,2021-01-16,262
14136,2021-01-17,237
13422,2021-01-18,263
13421,2021-01-19,259
13420,2021-01-20,249
13419,2021-01-21,268
13418,2021-01-22,272
13417,2021-01-23,284
13416,2021-01-24,242
13415,2021-01-25,251
13414,2021-01-26,300
13413,2021-01-27,241
13412,2021-01-28,252
13411,2021-01-29,262
13410,2021-01-30,265
13409,2021-01-31,240
13408,2021-02-01,239
13407,2021-02-02,256
13406,2021-02-03,266
13405,2021-02-04,264
13404,2021-02-05,255
13403,2021-02-06,251
13402,2021-02-07,251
13401,2021-02-08,271
13400,2021-02-09,266
13399,2021-02-10,286
13398,2021-02-11,291
13397,2021-02-12,265
13396,2021-02-13,251
13395,2021-02-14,249
13394,2021-02-15,263
13393,2021-02-16,261
13392,2021-02-17,261
12678,2021-02-18,259
12677,2021-02-19,264
12676,2021-02-20,268
12675,2021-02-21,244
12674,2021-02-22,254
12673,2021-02-23,251
12672,2021-02-24,269
12671,2021-02-25,248
12670,2021-02-26,286
12669,2021-02-27,287
12668,2021-02-28,279
12667,2021-03-01,280
12666,2021-03-02,252
12665,2021-03-03,242
12664,2021-03-04,262
12663,2021-03-05,266
12662,2021-03-06,267
12661,2021-03-07,239
12660,2021-03-08,267
12659,2021-03-09,262
12658,2021-03-10,255
12657,2021-03-11,261
12656,2021-03-12,269
12655,2021-03-13,257
12654,2021-03-14,279
12653,2021-03-15,246
12652,2021-03-16,259
12651,2021-03-17,256
12650,2021-03-18,245
12649,2021-03-19,256
12648,2021-03-20,265
11934,2021-03-21,245
11933,2021-03-22,254
11932,2021-03-23,250
11931,2021-03-24,252
11930,2021-03-25,252
11929,2021-03-26,274
11928,2021-03-27,247
11927,2021-03-28,261
11926,2021-03-29,253
11925,2021-03-30,274
11924,2021-03-31,281
11923,2021-04-01,298
11922,2021-04-02,299
11921,2021-04-03,265
11920,2021-04-04,257
11919,2021-04-05,261
11918,2021-04-06,260
11917,2021-04-07,249
11916,2021-04-08,285
11915,2021-04-09,278
11914,2021-04-10,313
11913,2021-04-11,272
11912,2021-04-12,267
11911,2021-04-13,250
11910,2021-04-14,226
11909,2021-04-15,248
11908,2021-04-16,279
11907,2021-04-17,266
11906,2021-04-18,241
11905,2021-04-19,263
11904,2021-04-20,261
11190,2021-04-21,267
11189,2021-04-22,268
11188,2021-04-23,264
11187,2021-04-24,297
11186,2021-04-25,257
11185,2021-04-26,239
11184,2021-04-27,272
11183,2021-04-28,263
11182,2021-04-29,271
11181,2021-04-30,275
11180,2021-05-01,305
11179,2021-05-02,254
11178,2021-05-03,271
11177,2021-05-04,284
11176,2021-05-05,244
11175,2021-05-06,265
11174,2021-05-07,263
11173,2021-05-08,286
11172,2021-05-09,255
11171,2021-05-10,269
11170,2021-05-11,275
11169,2021-05-12,253
11168,2021-05-13,252
11167,2021-05-14,259
11166,2021-05-15,287
11165,2021-05-16,272
11164,2021-05-17,285
11163,2021-05-18,270
11162,2021-05-19,260
11161,2021-05-20,273
11160,2021-05-21,290
10446,2021-05-22,321
10445,2021-05-23,236
10444,2021-05-24,257
10443,2021-05-25,268
10442,2021-05-26,245
10441,2021-05-27,255
10440,2021-05-28,326
10439,2021-05-29,250
10438,2021-05-30,285
10437,2021-05-31,248
10436,2021-06-01,270
10435,2021-06-02,263
10434,2021-06-03,265
10433,2021-06-04,252
10432,2021-06-05,272
10431,2021-06-06,260
10430,2021-06-07,260
10429,2021-06-08,247
10428,2021-06-09,239
10427,2021-06-10,241
10426,2021-06-11,267
10425,2021-06-12,271
10424,2021-06-13,250
10423,2021-06-14,267
10422,2021-06-15,270
10421,2021-06-16,251
10420,2021-06-17,289
10419,2021-06-18,283
10418,2021-06-19,276
10417,2021-06-20,281
10416,2021-06-21,310
9702,2021-06-22,280
9701,2021-06-23,257
9700,2021-06-24,272
9699,2021-06-25,281
9698,2021-06-26,280
9697,2021-06-27,268
9696,2021-06-28,256
9695,2021-06-29,263
9694,2021-06-30,253
9693,2021-07-01,263
9692,2021-07-02,261
9691,2021-07-03,321
9690,2021-07-04,268
9689,2021-07-05,287
9688,2021-07-06,276
9687,2021-07-07,285
9686,2021-07-08,255
9685,2021-07-09,276
9684,2021-07-10,271
9683,2021-07-11,248
9682,2021-07-12,280
9681,2021-07-13,284
9680,2021-07-14,267
9679,2021-07-15,268
9678,2021-07-16,279
9677,2021-07-17,262
9676,2021-07-18,241
9675,2021-07-19,271
9674,2021-07-20,281
9673,2021-07-21,246
9672,2021-07-22,244
8958,2021-07-23,267
8957,2021-07-24,266
8956,2021-07-25,251
8955,2021-07-26,259
8954,2021-07-27,261
8953,2021-07-28,247
8952,2021-07-29,282
8951,2021-07-30,269
8950,2021-07-31,333
8949,2021-08-01,275
8948,2021-08-02,327
8947,2021-08-03,277
8946,2021-08-04,271
8945,2021-08-05,279
8944,2021-08-06,271
8943,2021-08-07,259
8942,2021-08-08,255
8941,2021-08-09,237
8940,2021-08-10,256
8939,2021-08-11,253
8938,2021-08-12,266
8937,2021-08-13,279
8936,2021-08-14,295
8935,2021-08-15,280
8934,2021-08-16,266
8933,2021-08-17,289
8932,2021-08-18,281
8931,2021-08-19,253
8930,2021-08-20,252
8929,2021-08-21,286
8928,2021-08-22,262
8214,2021-08-23,267
8213,2021-08-24,273
8212,2021-08-25,253
8211,2021-08-26,278
8210,2021-08-27,247
8209,2021-08-28,269
8208,2021-08-29,261
8207,2021-08-30,250
8206,2021-08-31,321
8205,2021-09-01,311
8204,2021-09-02,248
8203,2021-09-03,282
8202,2021-09-04,301
8201,2021-09-05,261
8200,2021-09-06,284
8199,2021-09-07,271
8198,2021-09-08,256
8197,2021-09-09,260
8196,2021-09-10,287
8195,2021-09-11,287
8194,2021-09-12,273
8193,2021-09-13,273
8192,2021-09-14,303
8191,2021-09-15,316
8190,2021-09-16,272
8189,2021-09-17,284
8188,2021-09-18,309
8187,2021-09-19,308
8186,2021-09-20,264
8185,2021-09-21,292
8184,2021-09-22,261
7470,2021-09-23,245
7469,2021-09-24,264
7468,2021-09-25,252
7467,2021-09-26,282
7466,2021-09-27,252
7465,2021-09-28,261
7464,2021-09-29,275
7463,2021-09-30,278
7462,2021-10-01,270
7461,2021-10-02,282
7460,2021-10-03,269
7459,2021-10-04,256
7458,2021-10-05,268
7457,2021-10-06,263
7456,2021-10-07,257
7455,2021-10-08,272
7454,2021-10-09,340
7453,2021-10-10,298
7452,2021-10-11,285
7451,2021-10-12,289
7450,2021-10-13,275
7449,2021-10-14,284
7448,2021-10-15,295
7447,2021-10-16,283
7446,2021-10-17,267
7445,2021-10-18,259
7444,2021-10-19,265
7443,2021-10-20,264
7442,2021-10-21,291
7441,2021-10-22,283
7440,2021-10-23,299
6726,2021-10-24,258
6725,2021-10-25,283
6724,2021-10-26,285
6723,2021-10-27,274
6722,2021-10-28,259
6721,2021-10-29,279
6720,2021-10-30,281
6719,2021-10-31,259
6718,2021-11-01,259
6717,2021-11-02,250
6716,2021-11-03,265
6715,2021-11-04,257
6714,2021-11-05,270
6713,2021-11-06,309
6712,2021-11-07,263
6711,2021-11-08,256
6710,2021-11-09,340
6709,2021-11-10,259
6708,2021-11-11,283
6707,2021-11-12,282
6706,2021-11-13,292
6705,2021-11-14,273
6704,2021-11-15,277
6703,2021-11-16,291
6702,2021-11-17,273
6701,2021-11-18,275
6700,2021-11-19,293
6699,2021-11-20,282
6698,2021-11-21,254
6697,2021-11-22,255
6696,2021-11-23,270
5982,2021-11-24,278
5981,2021-11-25,262
5980,2021-11-26,271
5979,2021-11-27,292
5978,2021-11-28,255
5977,2021-11-29,263
5976,2021-11-30,264
5975,2021-12-01,262
5974,2021-12-02,269
5973,2021-12-03,305
5972,2021-12-04,275
5971,2021-12-05,267
5970,2021-12-06,277
5969,2021-12-07,258
5968,2021-12-08,272
5967,2021-12-09,259
5966,2021-12-10,274
5965,2021-12-11,270
5964,2021-12-12,266
5963,2021-12-13,295
5962,2021-12-14,271
5961,2021-12-15,285
5960,2021-12-16,275
5959,2021-12-17,297
5958,2021-12-18,260
5957,2021-12-19,264
5956,2021-12-20,253
5955,2021-12-21,278
5954,2021-12-22,241
5953,2021-12-23,280
5952,2021-12-24,251
5238,2021-12-25,252
5237,2021-12-26,255
5236,2021-12-27,282
5235,2021-12-28,240
5234,2021-12-29,260
5233,2021-12-30,256
5232,2021-12-31,279
5231,2022-01-01,248
5230,2022-01-02,258
5229,2022-01-03,257
5228,2022-01-04,254
5227,2022-01-05,292
5226,2022-01-06,252
5225,2022-01-07,299
5224,2022-01-08,279
5223,2022-01-09,269
5222,2022-01-10,263
5221,2022-01-11,293
5220,2022-01-12,274
5219,2022-01-13,265
5218,2022-01-14,266
5217,2022-01-15,268
5216,2022-01-16,244
5215,2022-01-17,281
5214,2022-01-18,270
5213,2022-01-19,236
5212,2022-01-20,287
5211,2022-01-21,273
5210,2022-01-22,254
5209,2022-01-23,249
5208,2022-01-24,260
4494,2022-01-25,317
4493,2022-01-26,253
4492,2022-01-27,269
4491,2022-01-28,279
4490,2022-01-29,291
4489,2022-01-30,296
4488,2022-01-31,258
4487,2022-02-01,277
4486,2022-02-02,313
4485,2022-02-03,271
4484,2022-02-04,251
4483,2022-02-05,244
4482,2022-02-06,259
4481,2022-02-07,265
4480,2022-02-08,386
4479,2022-02-09,248
4478,2022-02-10,257
4477,2022-02-11,253
4476,2022-02-12,251
4475,2022-02-13,263
4474,2022-02-14,276
4473,2022-02-15,251
4472,2022-02-16,268
4471,2022-02-17,247
4470,2022-02-18,265
4469,2022-02-19,259
4468,2022-02-20,242
4467,2022-02-21,282
4466,2022-02-22,289
4465,2022-02-23,268
4464,2022-02-24,249
3750,2022-02-25,281
3749,2022-02-26,277
3748,2022-02-27,274
3747,2022-02-28,278
3746,2022-03-01,262
3745,2022-03-02,260
3744,2022-03-03,239
3743,2022-03-04,269
3742,2022-03-05,246
3741,2022-03-06,236
3740,2022-03-07,268
3739,2022-03-08,323
3738,2022-03-09,265
3737,2022-03-10,271
3736,2022-03-11,254
3735,2022-03-12,251
3734,2022-03-13,273
3733,2022-03-14,255
3732,2022-03-15,268
3731,2022-03-16,253
3730,2022-03-17,246
3729,2022-03-18,263
3728,2022-03-19,282
3727,2022-03-20,259
3726,2022-03-21,253
3725,2022-03-22,251
3724,2022-03-23,261
3723,2022-03-24,271
3722,2022-03-25,269
3721,2022-03-26,283
3720,2022-03-27,266
3006,2022-03-28,247
3005,2022-03-29,253
3004,2022-03-30,254
3003,2022-03-31,258
3002,2022-04-01,272
3001,2022-04-02,289
3000,2022-04-03,256
2999,2022-04-04,265
2998,2022-04-05,243
2997,2022-04-06,266
2996,2022-04-07,258
2995,2022-04-08,274
2994,2022-04-09,294
2993,2022-04-10,244
2992,2022-04-11,301
2991,2022-04-12,267
2990,2022-04-13,298
2989,2022-04-14,250
2988,2022-04-15,284
2987,2022-04-16,265
2986,2022-04-17,256
2985,2022-04-18,252
2984,2022-04-19,265
2983,2022-04-20,258
2982,2022-04-21,258
2981,2022-04-22,286
2980,2022-04-23,277
2979,2022-04-24,258
2978,2022-04-25,259
2977,2022-04-26,249
2976,2022-04-27,264
2262,2022-04-28,253
2261,2022-04-29,272
2260,2022-04-30,303
2259,2022-05-01,343
2258,2022-05-02,275
2257,2022-05-03,275
2256,2022-05-04,268
2255,2022-05-05,333
2254,2022-05-06,280
2253,2022-05-07,285
2252,2022-05-08,270
2251,2022-05-09,266
2250,2022-05-10,293
2249,2022-05-11,267
2248,2022-05-12,259
2247,2022-05-13,345
2246,2022-05-14,298
2245,2022-05-15,290
2244,2022-05-16,318
2243,2022-05-17,268
2242,2022-05-18,263
2241,2022-05-19,272
2240,2022-05-20,269
2239,2022-05-21,268
2238,2022-05-22,291
2237,2022-05-23,278
2236,2022-05-24,246
2235,2022-05-25,283
2234,2022-05-26,277
2233,2022-05-27,280
2232,2022-05-28,272
1518,2022-05-29,286
1517,2022-05-30,250
1516,2022-05-31,271
1515,2022-06-01,260
1514,2022-06-02,294
1513,2022-06-03,273
1512,2022-06-04,344
1511,2022-06-05,275
1510,2022-06-06,278
1509,2022-06-07,261
1508,2022-06-08,316
1507,2022-06-09,319
1506,2022-06-10,283
1505,2022-06-11,263
1504,2022-06-12,256
1503,2022-06-13,284
1502,2022-06-14,258
1501,2022-06-15,245
1500,2022-06-16,259
1499,2022-06-17,283
1498,2022-06-18,268
1497,2022-06-19,252
1496,2022-06-20,296
1495,2022-06-21,264
1494,2022-06-22,279
1493,2022-06-23,278
1492,2022-06-24,291
1491,2022-06-25,292
1490,2022-06-26,263
1489,2022-06-27,273
1488,2022-06-28,274
774,2022-06-29,274
773,2022-06-30,282
772,2022-07-01,272
771,2022-07-02,270
770,2022-07-03,302
769,2022-07-04,266
768,2022-07-05,251
767,2022-07-06,254
766,2022-07-07,266
765,2022-07-08,281
764,2022-07-09,270
763,2022-07-10,278
762,2022-07-11,327
761,2022-07-12,274
760,2022-07-13,282
759,2022-07-14,276
758,2022-07-15,264
757,2022-07-16,308
756,2022-07-17,257
755,2022-07-18,282
754,2022-07-19,270
753,2022-07-20,281
752,2022-07-21,262
751,2022-07-22,274
750,2022-07-23,277
749,2022-07-24,266
748,2022-07-25,276
747,2022-07-26,282
746,2022-07-27,268
745,2022-07-28,276
744,2022-07-29,286
30,2022-07-30,312
29,2022-07-31,281
28,2022-08-01,295
27,2022-08-02,300
26,2022-08-03,301
25,2022-08-04,270
24,2022-08-05,285
23,2022-08-06,259
22,2022-08-07,272
21,2022-08-08,259
20,2022-08-09,277
19,2022-08-10,272
18,2022-08-11,289
17,2022-08-12,299
16,2022-08-13,328
15,2022-08-14,290
14,2022-08-15,267
13,2022-08-16,264
12,2022-08-17,291
11,2022-08-18,274
10,2022-08-19,271
9,2022-08-20,274
8,2022-08-21,267
7,2022-08-22,287
6,2022-08-23,289
5,2022-08-24,262
4,2022-08-25,278
3,2022-08-26,279
2,2022-08-27,302
1,2022-08-28,279
0,2022-08-29,262
